<?xml version="1.0" encoding="utf-8"?>
<extension type="plugin" group="authentication" method="upgrade">
	<name>plg_authentication_vmphonex</name>
	<author>Merrill Squiers/Michael Richey/Oleg Marychev</author>
	<creationDate>2023</creationDate>
	<license>GNU General Public License version 2 or later; see LICENSE.txt</license>
	<authorEmail>sunnydrake7@gmail.com</authorEmail>
	<version>1.0.0</version>
	<description>PLG_AUTH_VMPHONEX_XML_DESCRIPTION</description>
	<namespace path="src">Joomla\Plugin\Authentication\VMPhonex</namespace>
	<files>
		<folder plugin="vmphonex">services</folder>
		<folder>src</folder>
		<filename>LICENSE.txt</filename>
	</files>
	<languages folder="language">
		<language tag="en-GB">en-GB/plg_authentication_vmphonex.ini</language>
		<language tag="en-GB">en-GB/plg_authentication_vmphonex.sys.ini</language>
	</languages>
</extension>
