<?xml version="1.0" encoding="utf-8"?>
<extension type="plugin" group="system" method="upgrade">
	<name>plg_system_vmphonex</name>
	<author>Merrill Squiers/Michael Richey/Oleg Marychev</author>
	<creationDate>2023</creationDate>
	<copyright>Copyright (C) 2005 - 2011 Michael Richey. (C) 2023 Merrill Squiers. (C) 2023 Oleg Marychev All rights reserved.</copyright>
	<license>GNU General Public License version 2 or later; see LICENSE.txt</license>
	<authorEmail>sunnydrake7@gmail.com</authorEmail>
	<version>1.0.0</version>
	<description>PLG_SYS_VMPHONEX_XML_DESCRIPTION</description>
	<files>
		<filename plugin="vmphonex">vmphonex.php</filename>
		<filename>LICENSE.txt</filename>
	</files>
	<languages folder="language">
		<language tag="en-GB">en-GB/plg_system_vmphonex.ini</language>
		<language tag="en-GB">en-GB/plg_system_vmphonex.sys.ini</language>
	</languages>
</extension>
